﻿1000,2020-01-01,1,adopted,approved,100
1001,2020-10-20,2,adopted,approved,101
1002,2020-03-04,3,adopted,approved,102
1003,2020-09-28,4,unadopted,pending,103
1004,2020-08-19,5,unadopted,denied,104
1005,2020-03-09,6,adopted,approved,105
1006,2020-06-23,7,unadopted,pending,106
1007,2020-01-27,8,unadopted,pending,107
1008,2020-12-28,10,unadopted,denied,109
1009,2020-02-04,13,unadopted,denied,112
1010,2021-03-02,14,adopted,approved,113
1011,2021-08-09,15,unadopted,pending,114
1012,2021-01-24,17,adopted,approved,116
1013,2021-11-10,18,adopted,approved,117
1014,2021-10-28,19,returned,approved,118
1015,2021-08-21,16,adopted,approved,115
1016,2021-07-11,20,returned,approved,119
1017,2021-11-09,22,returned,approved,102
1018,2021-12-01,24,returned,approved,109
1019,2021-01-29,25,unadopted,pending,110
1020,2021-09-09,26,adopted,approved,120
1021,2021-08-08,27,adopted,approved,121
1022,2021-07-07,30,adopted,approved,108
1023,2021-06-01,32,adopted,approved,121
1024,2021-12-04,35,adopted,approved,111
1025,2022-01-01,36,adopted,approved,112
1026,2022-02-03,38,adopted,approved,121
1027,2022-03-09,39,adopted,approved,122
1028,2022-04-01,40,adopted,approved,123
1029,2022-11-27,45,adopted,approved,128
1030,2022-04-01,47,adopted,approved,130
1031,2022-08-28,48,returned,approved,131
1032,2022-03-22,49,adopted,approved,132
1033,2022-01-26,52,adopted,approved,134
1034,2022-07-12,55,adopted,approved,152
1035,2022-09-23,58,returned,approved,157
1036,2022-07-18,59,adopted,approved,158
1037,2022-01-23,68,adopted,approved,141
1038,2022-09-19,71,returned,approved,144
1039,2022-01-24,51,adopted,approved,134
1040,2022-08-02,50,adopted,approved,133
