﻿1,james,Jabber,1012 sable st,Aurora,CO,80012,7202209089,james@gmail.com,L,german shepherd,Dog,100
2,Mia,Yang,1010 exposition cir,aurora,CO,80011,7202345656,mia@gmail.com,S,golden retriever,dog,101
3,Joanna,Smith,2345 tower rd,aurora,CO,80017,7202349878,smith@gmail.com,L,australian shepherd,dog,102
4,Leonie,green,2022 east blackhowk,aurora,CO,80010,7201232322,miller@gmail.com,M,pomeranian,dog,103
5,ashely,miller,125 Rampart Way,denver,CO,80012,7202132143,white@gmail.com,M,shih tzu,dog,104
6,peter,white,125 rampart way ,Denver,CO,80013,3031231242,clark@gmail.com,S,boredr collie,dog,105
7,melody,clark,7101 PIERCE ST ,aArvada,CO,80011,3032142142,yang@gmail.com,M,boxer,dog,106
8,ruby,yang,3375 CASCINA CIR ,highland,CO,80016,3031122323,green@gmail.com,L,beagle,dog,107
9,bob,lee,16701 REMINGTON RD ,,CO,80096,7202132421,hill@gmail.com,S,dachshund,dog,108
10,angel,hill,100 FILLMORE ST ,denver,CO,80206,3032142142,foster@gmail.com,M,chihuahua,dog,109
11,sandra,foster,8081 ORCHARD RD ,Greenwood,CO,80111,7202138124,lee@gmail.com,M,poodle,dog,110
12,visha,long,100 FILLMORE ST ,Denver,CO,80206,3032142147,long@gmail.com,M,yorkshier terrier,dog,111
13,marty,wood,1023 39TH AVE ,Greely,CO,80634,7208248498,wood@gmail.com,L,german shepherd,dog,112
14,sophia,jackson,16701 REMINGTON RD ,Colorado Spring ,CO,80908,3038642872,aiden@gmail.com,S,beagle,dog,113
15,emma,aiden,2837 COUNTRY ,Denver,CO,80909,7202148643,jackson@gmail.com,S,beagle,dog,114
16,olive,lucas,300 ADAMS AVE ,Puablo,CO,81004,3038632486,lucas@gmail.com,L,german shepherd,dog,115
17,ava,liam,1800 BALDWIN PARK RD ,Castle Rock,CO,80104,7202214892,liam@gmail.com,L,german shepherd,dog,116
18,mia,anderson,1600 COLUMBINE DR ,Aurora,CO,80116,3038498248,anderson@gmail.com,L,german shepherd,dog,117
19,ronnie,brown,58801 US HIGHWAY 36  ,STRASBURG,CO,80136,7202896214,brown@gmail.com,M,boxer,dog,118
20,john,brook,58801 US HIGHWAY 36  ,STRASBURG,CO,80136,3038214892,brook@gmail.com,M,boxer,dog,119
21,frank,hill,3333 WADSWORTH BLVD ,Lakewood,CO,80227,7203983489,hill@gmail.com,M,australian shepherd,dog,102
22,robert,fural,1000 SUNDERING DR  CO -1809 USA,FORT COLLINS,CO,80526,3039844885,fural@gmail.com,M,australian shepherd,dog,102
23,betty,johnson,3425 WINDMILL DR ,FORT COLLINS,CO,80526,3036354837,johnson@gmail.com,S,chihuahua,dog,109
24,aeron,patricia,2467 44TH ST ,Loveland,CO,80538,3038732647,patricia@gmail.com,S,chihuahua,dog,109
25,aaron,petra,1001 KNOBCONE PL ,Loveland,CO,80538,3037847658,petra@gmail.com,S,chihuahua,dog,109
26,abaineh,yohannes,2120 IDALIA ST ,AURORA,CO,80013,7202498644,yohannes@gmail.com,S,chihuahua,dog,109
27,abdal-rahim,hamid,17381 MANSFIELD AVE ,AURORA,CO,80013,7202348964,hamid@gmail.com,S,chihuahua,dog,109
28,abdi,ezkiel,6767 SPRUCE ST  ,CENTENNIAL,CO,80112,3038940741,ezkiel@gmail.com,S,chihuahua,dog,109
29,abel,raymond,5970 JELLISON ST ,LITTLETON,CO,80123,3039409742,raymond@gmail.com,M,australian shepherd,dog,102
30,abney,johnson,2900 43RD AVE ,DENVER,CO,80211,7202340947,johnson@gmail.com,M,australian shepherd,dog,102
31,abraham,donat,451 58TH AVE ,DENVER,CO,80216,3012489214,donat@gmail.com,M,australian shepherd,dog,102
32,pamela,hans,401 GRANT AVE ,PUEBLO,CO,81004,3039832457,hans@gmail.com,M,australian shepherd,dog,102
33,jacqueline,hermann,1 COUNTY ROAD 11  ,MONTE VISTA,CO,81144,7208294789,hermann@gmail.com,M,australian shepherd,dog,102
34,jose,perkins,1552 XAVIER ST ,DENVER,CO,80204,7202473956,perkins@gmail.com,L,german shepherd,dog,100
35,rosario,roy,13015 KANSAS PL ,AURORA,CO,80012,3038964571,roy@gmail.com,L,german shepherd,dog,100
36,ronaldo,clark,2600 MEMPHIS WAY ,AURORA,CO,80013,7203490249,clark@gmail.com,L,german shepherd,dog,100
37,orlando,ellis,1685 GIRARD PL  ,ENGLEWOOD,CO,80112,3039846127,ellis@gmail.com,L,siamese,cat,120
38,deborah,hart,4875 BALSAM WAY  ,LITTLETON,CO,80123,3039042775,hart@gmail.com,S,british shorthair,cat,121
39,minnie,marquis,1400 COLORADO BLVD ,DENVER,CO,80222,7202349874,marquis@gmail.com,S,maine,cat,122
40,ellen,wild,202 PARK AVE  ,FORT LUPTON,CO,80612,7202470975,wild@gmail.com,S,persian,cat,123
41,elias,coke,1104 RACINE WAY ,AURORA,CO,80014,7202489562,coke@gmail.com,M,ragdoll,cat,124
42,devin,eisler,2901 UMATILLA ST  ,,CO,80113,7202489757,eisler@gmail.com,M,sphynx,cat,125
43,ellen,dudding,4586 BEST RD  ,LARKSPUR,CO,80118,3038923549,dudding@gmail.com,M,abyssinian,cat,126
44,mozell,plasencia,3927 ZUNI ST ,DENVER,CO,80211,7202489723,plasencia@gmail.com,M,exotic,cat,127
45,steve,old,6165 ILIFF AVE ,DENVER,CO,80222,3039823754,old@gmail.com,M,scottish,cat,128
46,michale,dau,3400 LAKEVIEW CIR  ,LONGMONT,CO,80503,7202489724,dau@gmail.com,M,scottish,cat,129
47,efren,litwiler,PO BOX 270001 S ,FORT COLLIN,CO,80545,3039821477,litwiler@gmail.com,M,exotic,cat,130
48,charles,gibbins,1435 ALVARADO DR  ,COLORADO SPRINGS,CO,80910,3039247888,gibbins@gmail.com,M,abyssinian,cat,131
49,wilbur,fredricks,208 SUNSET DR  CO ,FRUITA,CO,81576,3031982411,fredricks@gmail.com,M,ragdoll,cat,132
50,tiara,polidoro,4500 WAKEFIELD AVE, CASTLE ROCK ,CO,80104,7202489254,polidoro@gmail.com,M,ragdoll,cat,133
51,julietta,madon,3700 WONDER DR  ,CASTLE ROCK,CO,80109,3038932484,madon@gmail.com,S,persian,cat,134
52,heath,covalt,16400 MARTINGALE ,PARKER,CO,80134,7202489658,covalt@gmail.com,S,persian,cat,134
53,buster,xiong,4001 SAINT PAUL ST ,DENVER,CO,80216,3039824787,xiong@gmail.com,S,budgie,bird,150
54,tequila,guildford,3888 45TH AVE ,DENVER,CO,80216,3039374590,guildford@gmail.com,S,cockatiel,bird,151
55,cheri,hochberg,5400 MOUNT MEEKER RD  ,BOULDER,CO,80301,7202409711,hochberg@gmail.com,S,parrot,bird,152
56,sophia,clark,4000 GROVE ST  ,MORRISON,CO,80456,3023198742,clark@gmail.com,S,canary,bird,153
57,samantha,harris,4508 OXFORD RD  ,LONGMONT,CO,80454,3038974655,harris@gmail.com,S,monk parakeet,bird,154
58,emma,morgan,3901 CAREFREE CIR ,COLORADO SPRINGS ,CO,80917,7202489721,morgan@gmail.com,L,corn snake,snake,157
59,isabella,rodriguez,2100 IRONTON CT ,AURORA,CO,80014,3039800023,rodriguez@gmail.com,L,corn snake,snake,158
60,olive,turner,11600 100TH AVE ,BROOMFIELD,CO,80021,3039023490,turner@gmail.com,L,ball python,snake,159
61,elizabeth,waston,3370 CANOSA CT ,ENGLEWOOD,CO,80110,3039823782,waston@gmail.com,L,green anole,lizard,161
62,jacob,barnes,100 COMMERCE RD , BERTHOUD,CO,80514,3039721484,barnes@gmail.com,L,syrian,hamster,135
63,robert,brooks,8000 STEEPLECHASE DR C,WINDSOR ,CO,80550,3039714282,brooks@gmail.com,S,chinese,hamster,136
64,oliver,green,5222 CEDAR DR  CO ,USAF ACADEMY,CO,80840,7202149872,green@gmail.com,S,winter white,hamster,137
65,harry,howard,102 PIKES PEAK AVE ,COLORADO SPRINGS,CO,80903,3038924723,howard@gmail.com,S,campbell,hamster,138
66,kyle,james,3315 CAREFREE CIR  ,COLORADO SPRINGS,CO,80917,7202489723,james@gmail.com,S,roborovski,hamster,139
67,oscar,johnson,901 SPRUCE DR  ,DURANGO,CO,81301,3039274874,johnson@gmail.com,S,chinese,hamster,140
68,james,martin,18101 LOYOLA DR ,DENVER,CO,80014,7202340973,martin@gmail.com,S,chinese,hamster,141
69,james,parker,1135 CIMARRON DR  ,LAFAYETTE,CO,80026,3030214972,parker@gmail.com,M,syrian,hamster,142
70,joseph,reed,4B INVERNESS CT ,DENVER,CO,80238,3038948533,reed@gmail.com,M,syrian,hamster,143
71,liam,robinson,6301 CANYON AVE  ,DENVER,CO,80128,3039024709,robinson@gmail.com,M,syrian,hamster,144
72,damien,ross,2649 26TH AVE ,DENVER,CO,80211,3039075234,ross@gmail.com,M,campbell,hamster,145
73,micheal,scott,953 JOHNSON ST  ,LAKEWOOD,CO,80226,7202194874,scott@gmail.com,M,campbell,hamster,146
74,jack,thomas,1900 101ST CT  ,THORNTON,CO,80118,7202497424,thomas@gmail.com,M,chinese,hamster,147
75,daniel,william,10000 ALAMEDA AVE ,DENVER,CO,80247,3039824723,william@gmail.com,M,chinese,hamster,148
