﻿100;Charlie;2010-12-12;M;Dog;34.3;charlie like to play ball
101;Max;2015-07-09;M;Dog;23.4;
102;Buddy;2012-09-23;M;Dog;43.4;
103;Milo;2019-08-08;M;Dog;50.9;
104;Archie;2017-03-28;M;Dog;25.4;
105;Ollie;2016-02-19;M;Dog;22.4;
106;Oscar;2020-12-23;M;Dog;30.6;
107;Teddy;2019-10-20;M;Dog;38.5;
108;Leo;2014-10-25;M;Dog;34.1;
109;Alfie;2016-05-28;M;Dog;29.4;
110;Bella;2019-08-24;F;Dog;52.3;
111;Luna;2013-02-19;F;Dog;53.8;luna like walk
112;Coco;2017-05-18;F;Dog;55.8;
113;Ruby;2014-09-03;F;Dog;28.3;
114;Molly;2017-02-26;F;Dog;44.6;molly like to eat bannana
115;Frankie;2019-03-25;F;Dog;46.5;
116;Daisy;2018-03-01;F;Dog;40.9;
117;Rosie;2017-04-18;F;Dog;27.5;
118;Lucy;2016-06-25;F;Dog;22.5;
119;Lola;2018-03-08;F;Dog;35.5;lola is nice and beautiful dog
120;Oliver;2020-12-10;M;Cat;10.3;
121;Simba;2021-03-23;M;Cat;12.4;
122;Jack;2022-02-25;M;Cat;8.8;
123;Loki;2022-03-04;M;Cat;9.9;
124;Tiger;2020-09-23;M;Cat;10.2;
125;Jasper;2019-04-09;M;Cat;11.1;
126;Lily;2021-03-28;F;Cat;8.9;
127;Kitty;2020-12-03;F;Cat;6.7;
128;Nala;2021-04-03;F;Cat;8.5;
129;Zoe;2019-05-15;F;Cat;9.4;
130;Stella;2018-05-19;F;Cat;10.3;
131;Chloe;2017-03-03;F;Cat;12;
132;Nala;2018-04-02;F;Cat;11.5;
133;Baby;2018-05-01;M;Cat;11.6;
134;Blue;2020-01-02;M;Cat;10.8;
135;Abby;2019-12-09;F;Hamster;0.3;
136;Belle;2019-11-03;F;Hamster;0.2;
137;Cleo;2019-10-19;F;Hamster;0.32;
138;Daisy;2020-02-03;F;Hamster;0.34;
139;Dolly;2021-03-02;F;Hamster;0.37;
140;Dora;2021-12-10;F;Hamster;0.26;
141;Evie;2022-01-02;F;Hamster;0.28;
142;Ginger;2020-12-09;F;Hamster;0.25;
143;Holly;2021-02-28;F;Hamster;0.31;
144;Ivy;2019-10-09;F;Hamster;0.34;
145;Alexander;2019-09-09;M;Hamster;0.36;
146;Arnold;2022-01-09;M;Hamster;0.39;
147;Chadwick;2021-01-01;M;Hamster;0.31;
148;Cletis;2019-03-02;M;Hamster;0.29;
149;Duncan;2020-07-03;M;Hamster;0.23;
150;Aja;2022-01-01;F;Bird;0.11;
151;Ala;2021-03-02;F;Bird;0.12;
152;Aubrey;2021-12-02;F;Bird;0.1;
153;Aubrey;2022-03-03;F;Bird;0.13;
154;Barry;2022-09-01;M;Bird;0.15;
155;Benny;2021-12-28;M;Bird;0.16;
156;Bertram;2022-07-01;M;Bird;0.12;
157;Boomslang;2019-01-08;M;Snake;1;
158;king;2020-01-27;M;Snake;1.2;
159;Banded;2021-09-12;M;Snake;1.5;
160;Skink;2018-05-13;M;Lizard;50.9;
161;Tegu;2019-09-01;F;Lizard;45.9;
162;Leopard;2020-12-10;M;Lizard;65.2;
